34176,6,0,944,-1,408895:1505:7370:1107:0
34176,6,0,412,-1,17235:1604:4396:0818:0#954723:1604:4396:0818:0#275437:1604:4396:0818:0#548906:1577:4396:1031:0#368206:662:4396:0818:0#480007:1604:4396:0818:0#954723:1604:4396:0818:0#236488:1505:4396:1024:0
34176,6,0,1945,-1,231901:662:2758:0818:0#231901:662:2758:0818:0#108465:662:2758:0820:0#231901:662:2758:0820:0#231901:662:2758:0820:0#840446:1142:2758:0820:0#231901:662:2758:0819:0
34176,6,0,4752,-1,174142:821:6938:1027:0
34176,6,0,643,-1,716371:1505:968:1024:3
34176,6,0,2828,-1,996061:662:540:0602:0
34176,6,0,3906,0,757713:821:6268:1110:0#757713:821:6268:1110:0#757713:821:6268:1110:0#718096:1142:6268:1031:3#757713:821:6268:1031:3#613698:821:6268:1021:0#757713:821:6268:1108:0#757713:821:6268:1029:0#1093165:1397:6268:1027:0#898580:662:6268:1027:0#569051:1577:6268:1027:0#185202:821:6268:1027:0#757713:821:6268:1111:2#757713:821:6268:1111:0#757713:821:6268:1111:0#757713:821:6268:1111:0#757713:821:6268:1107:0#757713:821:6268:1107:0#965699:662:6268:1027:0#187402:1577:6268:1027:0#757713:821:6268:1027:0#569051:1577:6268:1027:0#702940:662:6268:1027:0#832131:662:6268:1027:0#48054:302:6268:1027:0#757713:821:6268:1027:0#320263:662:6268:1027:0#468438:821:6268:1027:0#963534:821:6268:1027:0#613698:821:6268:1027:0#757713:821:6268:1027:0#963534:821:6268:1027:0#157439:662:6268:1027:0#475546:1397:6268:1027:0#246109:821:6268:1027:0#757713:821:6268:1027:0#523545:662:6268:1027:0#198962:1577:6268:1027:0#613698:821:6268:1020:0
34176,6,0,1617,-1,951186:420:4073:1023:3
34176,6,0,2387,-1,801430:662:6040:1007:0
34176,6,0,4179,-1,209509:821:6039:1027:0#699235:821:6039:1107:0#915857:821:6039:1027:0#209509:821:6039:1027:0#699235:821:6039:1027:0
34176,6,0,1890,-1,887906:1467:5683:0911:0#476134:1467:5683:0911:0
34176,6,0,420,-1,863054:11:4058:0521:0
34176,6,0,1743,-1,560832:1252:4290:1013:0#346111:1252:4290:0820:0
34176,6,0,1253,-1,6994:656:328:1107:0#576183:656:328:1107:0
34176,6,0,1029,-1,291339:821:3078:1027:0
34176,6,0,3591,-1,198858:35:7292:0529:0
34176,6,0,1663,-1,1066192:302:4874:0621:0#1066192:302:4874:0621:2
34176,6,0,3700,-1,478025:662:2204:0818:0
34176,6,0,1138,-1,516503:662:4104:0713:0
34176,6,0,2664,-1,14098:602:8154:0824:0
34176,6,0,1810,-1,455154:302:6848:1027:0#640560:821:6848:1027:0
34176,6,0,1250,-1,106437:761:5748:1029:0#882723:761:5748:1107:0
34176,6,0,3035,-1,510117:1389:3158:1104:0#47356:1095:3158:1104:0
34176,6,0,3511,-1,1071692:662:4254:0602:0#974447:1577:4254:0602:0#1071692:662:4254:0602:0#794535:662:4254:0602:0#1071692:662:4254:0602:0#1071692:662:4254:0601:0#1071692:662:4254:0601:0#1071692:662:4254:0601:0#549726:387:4254:0601:0
34176,6,0,1719,-1,411262:662:2276:1018:0
34176,6,0,4785,-1,649526:1271:1422:0722:0#649526:1271:1422:0722:0#649526:1271:1422:0722:2#649526:1271:1422:0803:0
34176,6,0,158,-1,104477:1095:99:1110:0
34176,6,0,4246,-1,48891:662:2581:0818:0
34176,6,0,641,-1,585783:420:4265:1110:0
34176,6,0,644,-1,1031725:1095:6455:1110:0
34176,6,0,121,0,800752:1028:2337:1110:0#800752:1028:2337:1110:0#800752:1028:2337:1110:0#800752:1028:2337:1110:0#800752:1028:2337:1108:0#800752:1028:2337:1108:0#800752:1028:2337:1108:0#800752:1028:2337:1108:0#800752:1028:2337:1111:2#800752:1028:2337:1111:0#800752:1028:2337:1111:0#800752:1028:2337:1111:0#800752:1028:2337:1111:0#800752:1028:2337:1111:0
34176,6,0,3677,-1,449045:1577:5434:1110:0
34176,6,0,2382,-1,611609:664:1272:0617:0#611609:664:1272:0617:2#611609:664:1272:0617:0#611609:664:1272:0617:0#611609:664:1272:0621:0
34176,6,0,331,-1,103770:1238:4094:1110:0#1086539:1238:4094:1110:0#793800:1504:4094:1110:0#1081982:662:4094:1110:0#103770:1238:4094:1110:0#778708:1505:4094:1110:0#103770:1238:4094:1110:0#179809:1553:4094:1110:0#103770:1238:4094:1110:0#793800:1504:4094:1026:0#785039:1505:4094:1026:0#393486:1505:4094:1026:0#793800:1504:4094:1026:3#457465:662:4094:0722:0#968255:1505:4094:1104:0#785039:1505:4094:1029:0#796423:1238:4094:1029:0#103770:1238:4094:1029:0#39433:662:4094:1029:0#356306:1142:4094:1029:0#778247:1142:4094:1029:0#1024171:389:4094:1029:0#165309:389:4094:1029:0#883010:1553:4094:1029:0#203244:1238:4094:1029:0#778708:1505:4094:1029:0#242474:1505:4094:1029:0#938236:1553:4094:1029:0#883010:1553:4094:1024:0#779072:1577:4094:1024:0#1065634:1553:4094:1024:0#883010:1553:4094:1024:0#1065634:1553:4094:1024:0#746208:1505:4094:1024:0#785039:1505:4094:1024:0#1065634:1553:4094:1024:0#344985:1505:4094:1024:0#793800:1504:4094:1024:0#883010:1553:4094:1024:0#377399:662:4094:1024:0#793800:1504:4094:1024:0#785039:1505:4094:1024:0#1063302:1505:4094:1024:0#242474:1505:4094:1024:0#575443:1505:4094:1024:0#883010:1553:4094:1024:0#785039:1505:4094:1024:0#69117:821:4094:1024:0#793800:1504:4094:1024:0#524960:1095:4094:1024:0#796423:1238:4094:1024:0#785039:1505:4094:1024:0#883010:1553:4094:1024:0#701138:1505:4094:1024:0#796423:1238:4094:1024:0#1065634:1553:4094:1024:2#793800:1504:4094:1024:2#103770:1238:4094:1111:0#103770:1238:4094:1111:0#778247:1142:4094:1111:3#778708:1505:4094:1111:0#103770:1238:4094:1111:0#103770:1238:4094:1111:0#103770:1238:4094:1111:2#103770:1238:4094:1107:0#938236:1553:4094:1107:0#778708:1505:4094:1107:0#893248:1142:4094:1015:0#893248:1142:4094:1015:0#1065634:1553:4094:1028:0
34176,6,0,1843,-1,757673:662:546:1027:0#543148:821:546:1020:0
34176,6,0,1073,-1,39305:766:6748:1026:0
34176,6,0,3096,-1,165058:737:3080:1021:0
34176,6,0,1815,-1,854757:1553:7169:1110:0#95147:662:7169:1110:0#780639:662:7169:1110:0#854757:1553:7169:1108:0
34176,6,0,3089,-1,650143:993:2498:1108:0#878795:993:2498:1108:0#878795:993:2498:1108:0#747144:629:2498:1011:0
34176,6,0,2823,-1,296179:602:1128:0824:0
34176,6,0,4356,1,709909:1208:2276:1110:0#709909:1208:2276:1110:0#709909:1208:2276:1110:0#709909:1208:2276:1110:0#709909:1208:2276:1110:0#709909:1208:2276:1110:0#113375:1208:2276:1111:2#709909:1208:2276:1111:2#709909:1208:2276:1111:0#709909:1208:2276:1111:0#709909:1208:2276:1111:0#709909:1208:2276:1111:0#709909:1208:2276:1111:0#709909:1208:2276:1111:0#709909:1208:2276:1111:2#709909:1208:2276:1111:2#709909:1208:2276:1111:2#709909:1208:2276:1111:2
34176,6,0,1535,-1,664341:1213:8411:0601:0#664341:1213:8411:0601:0
34176,6,0,2781,-1,941336:1467:543:1108:0#941336:1467:543:1003:0#1048191:1467:2169:1003:0#261687:1467:6742:0911:0
34176,6,0,191,-1,413276:1577:1766:0526:0
34176,6,0,2179,-1,100290:662:6741:0818:0#413984:662:6741:0818:0#436836:662:6741:0818:0#185493:662:6741:0818:0#563905:662:6741:0818:0
34176,6,0,1126,-1,65942:662:5145:0818:0
34176,6,0,1875,-1,655967:420:2714:1110:0#946949:629:2714:1108:2#931583:1658:2714:1108:0#655967:420:2714:1108:2#655967:420:2714:1108:0#946949:629:2714:1108:0#655967:420:2714:1108:0#655967:420:2714:1108:2#832382:316:2714:1108:0#946949:629:2714:1108:2#618016:629:2714:1108:0#618016:629:2714:1108:0#946949:629:2714:1108:0#832382:316:2714:1108:0#931583:1658:2714:1108:0#946949:629:2714:1108:0#946949:629:2714:1108:0#832382:316:2714:1108:0#266469:420:2714:1028:3
34176,6,0,1595,-1,941901:1238:5800:1110:0
34176,6,0,3366,-1,1093048:737:4572:1106:0
34176,6,0,1805,-1,1036909:955:6939:1029:0
34176,6,0,3828,-1,533925:1553:1446:1021:0#469839:389:1446:1111:0#469839:389:1446:1111:0#503614:1095:1446:0819:0#533925:1553:1446:1020:0#822640:821:1446:1020:0#45635:1553:1446:1007:0
34176,6,0,4850,-1,625736:270:7863:1028:0
34176,6,0,4304,-1,195124:1208:2276:1026:0#195124:1208:2276:1021:2#195124:1208:2276:1021:0#195124:1208:2276:1021:0
34176,6,0,3786,-1,975576:662:1428:0531:0
34176,6,0,965,-1,52763:35:3791:1110:0
34176,6,0,3638,-1,384305:662:5446:0818:0#90857:662:5446:0818:0#384305:662:5446:0818:0#90857:662:5446:0818:0#384305:662:5446:0819:0#609043:662:5446:0819:0
34176,6,0,2861,-1,895796:267:7032:0915:0
34176,6,0,1566,-1,593083:602:7154:0913:0
34176,6,0,1559,-1,272116:662:7871:0713:0#272116:662:7871:0713:0#272116:662:7871:0713:0
34176,6,0,2056,-1,87006:737:4998:1107:0
34176,6,0,1272,-1,783686:662:3489:0607:0#1040019:662:3489:0607:0#1107125:662:3489:0607:0#783686:662:3489:0607:0#783686:662:3489:0607:2#783686:662:3489:0607:0#1030862:662:3489:0607:0#738000:662:3489:0607:0#258378:662:3489:0607:0#375318:662:3489:0607:0#425328:662:3489:0607:0#783686:662:3489:0607:0#783686:662:3489:0607:0#783686:662:3489:0607:0#783686:662:3489:0613:0
34176,6,0,1734,-1,705213:662:2368:0818:0
34176,6,0,3001,-1,986148:276:5738:1110:0
34176,6,0,2217,0,399879:656:3012:1111:2#399879:656:3012:1111:0
34176,6,0,3491,-1,45379:821:3969:1027:0
34176,6,0,152,-1,645478:420:2773:0730:0
34176,6,0,1923,-1,165465:1271:4184:0904:0
34176,6,0,3606,-1,879005:662:33:0521:0#277305:1095:33:0521:0
34176,6,0,1058,-1,226643:602:3369:1110:0
34176,6,0,4404,-1,337211:1467:6279:0913:0#337211:1467:6279:0911:0#337211:1467:6279:0911:2#337211:1467:6279:0911:0#337211:1467:6279:0911:0
34176,6,0,1100,-1,901624:1252:3035:0529:0#901624:1252:3035:0529:0#901624:1252:3035:0529:0#901624:1252:3035:0529:0#901624:1252:3035:0529:2#901624:1252:3035:0529:0#901624:1252:3035:0529:0
34176,6,0,4173,-1,1056030:530:5376:1111:0#1056030:530:5376:1111:0#181661:662:5376:1012:0
34176,6,0,141,-1,166162:1505:3614:0607:0
34176,6,0,4509,-1,703379:1553:4365:1024:0
34176,6,0,4257,-1,654411:656:6742:1110:0#1078565:656:6742:1108:0#369696:656:4103:1108:0
34176,6,0,2990,-1,488102:821:6491:1020:0
34176,6,0,3760,-1,949790:1505:3738:1031:0#952338:1505:3738:1031:0#359230:821:3738:0722:0#217213:662:3738:0722:0#547669:662:3738:0722:0#248458:662:3738:0722:0#250774:662:3738:0722:0#355670:662:3738:0722:0#461209:1604:3738:0722:0#429903:662:3738:0722:0#791446:662:3738:0722:0#124833:1577:3738:0722:0#32182:662:3738:0722:0#59824:662:3738:0722:0#362774:1505:3738:0722:0#52343:662:3738:0521:0#890687:662:3738:0521:0#209475:662:3738:0713:0#68555:662:3738:0713:0#630464:662:3738:0713:0#101527:662:3738:0713:0#248458:662:3738:0713:0#791446:662:3738:0713:0
34176,6,0,3004,-1,109785:1095:5327:0521:0#516904:1577:5327:0521:0
34176,6,0,4231,-1,790010:1467:3589:1026:0#7453:1467:3589:1026:0#7453:1467:3589:1026:0#7453:1467:3589:1026:2#790010:1467:3589:1028:0#7453:1467:3589:1028:0
34176,6,0,2957,-1,179209:1271:8473:0526:2#179209:1271:8473:0526:0#325405:1271:8473:0526:0#179209:1271:8473:0526:0#325405:1271:8473:0526:0#733809:1271:8473:0526:0
34176,6,0,416,-1,581818:1505:4014:0521:0#581818:1505:4014:0521:0#581818:1505:4014:0521:0#1011673:1505:4014:0521:0#1011348:1505:4014:0521:0#1011348:1505:4014:0521:0#581818:1505:4014:0521:0#338097:1505:4014:0521:0#1011348:1505:4014:0521:2#338097:1505:4014:0521:0#135951:1505:4014:0521:0#821072:1397:4014:0521:0#135951:1505:4014:0521:0#1011348:1505:4014:0521:2#338097:1505:4014:0521:0#1011348:1505:4014:0521:2#135951:1505:4014:0521:0#1011348:1505:4014:0521:0
34176,6,0,4259,-1,359141:656:2134:1029:0
34176,6,0,1998,-1,687352:662:5665:0521:0
34176,6,0,2768,-1,199578:821:7735:1027:0#1073929:1505:7735:1020:0#701142:1397:7735:1020:0
34176,6,0,1760,-1,147751:602:2197:0819:2#429972:602:2197:0819:0#147751:602:2197:0819:0#147751:602:2197:0819:0#147751:602:2197:0819:0#429972:602:2197:0819:0#147751:602:2197:0819:0
34176,6,0,2047,-1,470933:154:1901:1027:0#557219:821:1901:1027:0
34176,6,0,3839,-1,334839:737:4947:1107:0
34176,6,0,780,-1,317793:1095:516:1108:0
34176,6,0,3349,-1,552780:662:3358:0602:0
34176,6,0,4903,-1,257602:955:8092:0904:2#257602:955:8092:0904:0#257602:955:8092:0904:0#257602:955:8092:0904:0#257602:955:8092:0904:0#257602:955:8092:0904:0
34176,6,0,1340,-1,75452:662:1981:1026:0#94461:662:1981:1108:0#188166:662:1981:1024:0
34176,6,0,829,-1,225812:737:7719:1107:0
34176,6,0,1102,-1,40532:1591:1214:0911:0
34176,6,0,3433,-1,595685:387:1018:0601:0#595685:387:1018:0601:0#894551:662:1018:0601:0
34176,6,0,701,-1,957581:662:5731:0818:0#957581:662:5731:0819:0
34176,6,0,1737,-1,994312:420:2315:1108:0#552771:420:2315:1019:0
34176,6,0,974,-1,122852:662:3738:0713:0
34176,6,0,470,-1,291177:602:7686:1111:2
34176,6,0,1,-1,1072633:420:1662:1009:0#379648:420:1662:1009:0#749109:420:1662:1009:0#419693:629:1662:1009:0#1072633:420:1662:1009:2#862164:351:1662:0529:0#419693:629:1662:0923:0#1072633:420:1662:1011:0
34176,6,0,1926,-1,929296:662:5473:0521:0#342730:302:5473:0521:0#968989:1505:5473:0521:0#729897:302:5473:0521:0#677766:1505:5473:0521:0
34176,6,0,628,-1,40719:662:2184:0818:0
34176,6,0,4688,-1,392266:748:4623:1107:0
34176,6,0,3148,-1,214270:1095:5039:1110:0
34176,6,0,1867,-1,220911:267:3243:1021:0#220911:267:3243:1015:0#220911:267:3243:1015:0#220911:267:3243:1015:2#220911:267:3243:1015:0
34176,6,0,327,-1,53580:615:1954:0607:2#53580:615:1954:0607:0#53580:615:1954:0722:0
34176,6,0,4422,-1,859048:821:178:1027:0
34176,6,0,4933,-1,240728:177:2526:1019:0
34176,6,0,3645,-1,795181:662:3637:0818:0
34176,6,0,2736,-1,933626:662:8305:0713:0
230784,0,0,2108,-1,960655:1023:1793:1108:0
230784,0,0,4183,-1,616007:611:2417:1110:0#1103681:611:2417:1110:0
230784,0,0,3931,-1,902776:662:5172:0618:0#1097855:662:5172:0618:0#1097855:662:5172:0618:0
230784,0,0,376,-1,430968:115:4167:0701:0#430968:115:4167:0701:0
230784,0,0,2257,-1,434617:115:2196:0701:0#434617:115:2196:0701:2#434617:115:2196:0701:0
230784,0,0,3545,-1,191923:1023:5860:0601:0#191923:1023:5860:0601:2#191923:1023:5860:0601:0#191923:1023:5860:0601:0
230784,0,0,2537,-1,229470:664:6066:0614:0#229470:664:6066:0614:0#229470:664:6066:0614:0
230784,0,0,2963,-1,264265:662:6803:0618:0
230784,0,0,4818,0,155695:2:7606:1111:2#155695:2:7606:1111:0#155695:2:7606:1110:0#155695:2:7606:1110:0#155695:2:7606:1108:0#155695:2:7606:1108:0#155695:2:7606:1108:0#155695:2:7606:1108:0
230784,0,0,4566,-1,964906:662:6322:0618:0#964906:662:6322:0614:0#964906:662:6322:0614:0
230784,0,0,3085,-1,932537:683:2153:0907:0#659366:683:2153:0907:0
230784,0,0,4387,-1,499622:490:2022:0918:0
230784,0,0,3904,-1,185046:737:3876:0622:0
230784,0,0,3299,-1,914225:1422:1866:1102:0
230784,0,0,3971,-1,1078917:1075:2142:0624:2#267654:1438:2142:0624:2#267654:1438:2142:0625:0
230784,0,0,3556,-1,316409:407:1236:0630:0#713880:407:1236:0630:0#498279:407:1236:0630:0#503629:407:1236:0630:0#959684:407:1236:0630:0#1002355:407:1236:0630:0#249313:407:1236:0630:0#316409:407:1236:0630:0#316409:407:1236:0630:2#839750:1611:1236:1108:0
230784,0,0,1687,-1,338895:598:6296:0909:0
230784,0,0,2420,-1,813085:1544:8037:0614:0
230784,0,0,199,-1,281933:1422:1866:1102:0#281933:1422:1866:1102:0
230784,0,0,4218,-1,756416:656:3700:1015:0#756416:656:3700:1015:2
362112,4,1,132,-1,546620:1188:2274:0606:0
362112,4,1,3371,-1,822984:1188:8086:0606:0#809873:1188:8086:0606:0#129574:1188:8086:0606:0#123051:1188:8086:0606:0#116970:1188:8086:0606:0#559829:1188:8086:0606:0
362112,4,1,2846,-1,63235:2:7379:1109:0#63235:2:7379:1109:0#487957:2:7379:1109:0#63235:2:7379:1109:0#866222:2:7379:1109:0#710601:2:7379:1109:0#710601:2:7379:1109:0#487957:2:7379:1109:0#494857:2:7379:1109:0#710601:2:7379:1109:0#494857:2:7379:1109:0#866222:2:7379:1109:0
362112,4,1,1085,-1,179703:1023:8325:0526:0#179703:1023:8325:0526:0#978321:1023:8325:0526:0
362112,4,1,2618,0,313103:451:5063:1111:2
362112,4,1,1582,-1,160655:1438:7141:0620:0#800527:1023:7141:0620:0#201418:1023:7141:0602:0#201418:1023:7141:0602:0
362112,4,1,1267,-1,258930:1349:4279:0821:0
362112,4,1,2023,-1,1031415:1075:7161:0526:0
362112,4,1,863,-1,40772:1188:5820:0522:0#40772:1188:5820:0522:0#40772:1188:5820:0522:2#537972:1188:6750:0522:0#638737:1188:2229:0522:0#659198:1188:5820:0522:0#224117:1188:6750:0522:0#728128:1188:8086:0522:0#728128:1188:8086:0606:0#67836:1021:2229:0526:0#995344:1021:2229:0526:0#1063909:307:2229:0526:0#1063909:307:2229:0526:0#106238:300:2229:0526:0#40772:1188:5820:0526:0#1066963:1021:2229:0526:0#1066963:1021:2229:0526:0#1023033:1021:2229:0526:0#67836:1021:2229:0526:0#67836:1021:2229:0526:0#1066963:1021:2229:0526:0#1023033:1021:2229:0526:0#1066963:1021:2229:0526:0#638737:1188:2229:0526:0#1066963:1021:2229:0526:0#995344:1021:2229:0526:0#1063909:307:2229:0526:0#1063909:307:2229:0526:0#67836:1021:2229:0526:0#40772:1188:5820:0526:0
362112,4,1,254,-1,217685:1349:1828:1102:0#960718:1349:1828:1102:0#24851:1349:3925:1102:2#474522:1349:1828:1102:0#559554:1349:1828:1102:0#24851:1349:1828:1102:0#24851:1349:1828:1102:0
362112,4,1,653,-1,727053:1023:1480:0602:0
362112,4,1,1595,-1,719037:1023:5800:0526:0#632745:1023:5800:0526:0#802788:1023:5800:0526:0#136941:1023:5800:0526:0#974915:1023:5800:0526:0#975463:1023:5800:0526:0#826549:1023:5800:0526:0#974915:1023:5800:0526:0#560300:1023:5800:0526:0#1055281:1023:5800:0526:0#909707:1023:5800:0526:0
362112,4,1,787,-1,189274:1090:292:1107:0
362112,4,1,1373,-1,615746:1090:2856:1107:0
362112,4,1,659,-1,421152:1349:3650:0919:0
362112,4,1,4282,-1,782431:1023:7892:0602:0
362112,4,1,3282,-1,111336:1213:8235:0601:0#492345:1213:8235:0601:0#592145:267:8235:0601:0#701062:267:8235:0601:0#111336:1213:8235:0601:0#113953:1213:8235:0601:0#111336:1213:8235:0601:0
34944,5,0,2116,-1,867411:656:7334:1021:0#867411:656:7334:1017:0#867411:656:7334:1017:0#867411:656:7334:1017:0#867:656:7334:1017:0#867411:656:7334:1017:2#303994:656:7334:1017:0#867411:656:7334:1017:0#417627:656:7334:1017:0#412625:656:7334:1017:0
34944,5,0,4274,-1,940268:1331:6507:1111:0
34944,5,0,4893,-1,930354:1252:8031:0522:0#947376:1252:8031:0522:0#930354:1252:8031:0522:0#645776:1252:8031:0522:0#557207:1252:8031:0522:0#947376:1252:8031:0522:0#947376:1252:8031:0522:0#7870:1252:8031:0522:0#930354:1252:8031:0522:2
34944,5,0,3172,-1,680979:1252:8031:0522:0#598686:1228:8031:0522:0#598686:1228:8031:0522:0
34944,5,0,1616,-1,1097898:43:5724:0826:0
34944,5,0,598,-1,589702:1188:8351:1017:0#446285:1188:8351:1017:0
34944,5,0,3811,-1,463097:1331:368:1111:0#463097:1331:368:1111:0
34944,5,0,1989,-1,42167:1298:1954:0618:0
34944,5,0,3326,-1,127082:43:6585:0826:0
34944,5,0,2051,0,832814:1331:6467:1111:0#747234:1331:6467:1111:2#747234:1331:6467:1111:0
231552,5,0,3828,1,658228:1553:1446:1111:2#110347:1389:1446:1111:2#26859:387:1446:1111:0#729337:1577:1446:1111:0#110347:1389:1446:1106:0#449724:1553:1446:1111:2#26859:387:1446:1106:0#110347:1389:1446:1106:0#793307:389:1446:1111:0#660056:1577:1446:1106:0#871614:1505:1446:1106:0#449724:1553:1446:1106:0#26859:387:1446:1106:0#871614:1505:1446:1111:0#371352:1577:1446:1111:0#871614:1505:1446:1111:2#42640:1389:1446:1111:0#26859:387:1446:1111:2#871614:1505:1446:1111:0#26859:387:1446:1106:0#871614:1505:1446:1106:0#539960:748:1446:1106:0#371352:1577:1446:1111:0#658228:1553:1446:1106:0#871614:1505:1446:1106:0#26859:387:1446:1106:0#449724:1553:1446:1106:0#539960:748:1446:1106:0#658228:1553:1446:1106:0#449724:1553:1446:1106:0#295447:389:1446:1105:0#375610:1142:1446:1105:0#529722:1505:1446:1105:0#836864:154:1446:1105:0#1051596:821:1446:1105:0#543220:1505:1446:1105:0#504761:1505:1446:1105:0#685175:662:1446:1105:0#895052:1505:1446:1105:0#334379:1238:1446:1105:0#1015214:1505:1446:1105:0#350275:1577:1446:1105:0#297713:1505:1446:1105:0#134251:1142:1446:1105:0#275385:821:1446:1105:0#318258:821:1446:1105:0#970282:1505:1446:1105:0#21987:1429:1446:1105:0#431009:1577:1446:1105:0#110347:1389:1446:1105:0#26859:387:1446:1105:0#449724:1553:1446:1105:0#830982:389:1446:1105:0#62222:1553:1446:1105:0#710529:737:1446:1105:0#710529:737:1446:1105:0#1110383:302:1446:1105:0#809444:662:1446:1105:0#871614:1505:1446:1105:0#729337:1577:1446:1105:0#234591:821:1446:1105:0#276750:1505:1446:1105:0#26859:387:1446:1105:0#539960:748:1446:1105:0#957803:821:1446:1105:0#660056:1577:1446:1105:0#207427:662:1446:1105:0#809304:1505:1446:1105:0#658228:1553:1446:1105:0#660056:1577:1446:1105:0#67885:1238:1446:1105:0#809304:1505:1446:1105:0#449724:1553:1446:1105:0#616571:821:1446:1105:0#315913:1505:1446:1105:0#688296:662:1446:1105:0#1054875:1505:1446:1105:0#1055046:1505:1446:1105:0#1100955:821:1446:1105:0#854648:302:1446:1105:0#504761:1505:1446:1105:0#276750:1505:1446:1105:0#234591:821:1446:1106:0
231552,5,0,2757,-1,886629:992:4112:1106:2
231552,5,0,4173,-1,866952:662:5376:1111:0#327000:1095:5376:1105:0#923453:302:5376:1105:0#704760:1095:5376:1105:0#919395:1095:5376:1105:0#804753:1095:5376:1105:0#470856:530:5376:1105:0#46015:1095:5376:1105:0#1056030:530:5376:1105:0#196497:389:5376:1105:0#166633:1095:5376:1105:0#3451:662:5376:1105:0#199207:1577:5376:1030:0#196497:389:5376:1030:0#165967:662:5376:1030:0#153823:1577:5376:1030:0#509383:387:5376:1030:0#500600:1577:5376:1030:0#607784:1142:5376:1030:0#1013473:1577:5376:1030:0
231552,5,0,4257,-1,918243:656:6742:1111:0#873824:656:6742:1019:0#846609:1271:6742:1019:0
231552,5,0,1992,-1,331687:1349:6065:1111:0#660882:1349:7279:1111:0#374883:1349:3650:1111:0
231552,5,0,3647,-1,419092:1252:3019:1019:0#450405:1197:3019:1019:2#419092:1252:3019:1019:2#419092:1252:3019:1019:0#419092:1252:3019:1019:0#450405:1197:3019:1019:0#419092:1252:3019:1019:3#853130:1130:3019:1019:3#419092:1252:3019:1019:0#450405:1197:3019:1019:0#419092:1252:3019:1019:0#450405:1197:3019:1019:2
231552,5,0,628,-1,716995:1505:2184:1106:0
231552,5,0,1267,-1,841730:1349:7279:1106:0#966852:1349:3650:1106:0#659738:1349:3650:1106:0#134838:1349:3650:1106:0#134838:1349:3650:1111:0#82043:1349:3650:1106:0#134838:1349:3650:1106:0#219466:1349:3650:1106:0#219466:1349:3650:1106:0#575024:1349:7279:1106:0#134838:1349:3650:1106:0#82043:1349:3650:1106:0#134838:1349:3650:1106:0#134838:1349:5270:1111:2#134838:1349:3650:1106:0#898757:1349:3650:1106:0#966852:1349:3650:1106:0#783133:1349:3650:1106:0#82043:1349:3650:1106:0#659738:1349:3650:1106:0
231552,5,0,3423,-1,1100757:1349:1360:1106:0#1100757:1349:1360:1106:0
231552,5,0,2124,0,330724:737:7666:1111:2#657075:737:7666:1111:0#561792:737:7666:1111:0#561792:737:7666:1111:0#689166:737:7666:1111:0#330724:737:7666:1111:0#330724:737:7666:1111:0
231552,5,0,3955,-1,631714:1271:1422:0606:0#631714:1271:1422:0606:2
231552,5,0,1922,-1,13653:490:3844:0531:0
232320,4,1,4097,-1,831356:713:7715:1104:0#129493:713:7715:1104:0#570845:713:7715:1104:0
232320,4,1,184,-1,67897:1349:1360:1111:0#783997:1349:1360:1104:0
232320,4,1,674,-1,1065454:1401:3210:1104:0
232320,4,1,1934,-1,67456:713:8473:1104:0
232320,4,1,1677,-1,695059:1197:5712:1104:3#695059:1197:5712:1104:0#206338:1401:5712:1104:0#913171:1401:5712:1104:0
232320,4,1,4850,-1,776138:629:7863:1104:0
232320,4,1,1168,0,345078:351:4844:1111:0#345078:351:4844:1111:0#345078:351:4844:1104:3#345078:351:4844:1111:2
232320,4,1,4234,-1,662297:1028:5674:1104:0#918215:993:5674:1104:0#918215:993:5674:1104:3#662297:1028:5674:1104:0
232320,4,1,4615,-1,793586:713:8270:1111:0#793586:713:8270:1111:2#793586:713:8270:1104:0#793586:713:8270:1104:3
232320,4,1,2657,-1,28188:351:8384:1111:2#635450:351:8384:1104:0#41245:351:4682:1104:0#323071:1658:8384:1104:0#41245:351:4682:1104:0#28188:351:8384:1104:0#28188:351:8384:1104:3#946516:683:4682:1104:0
232320,4,1,4918,-1,349623:71:3535:1104:0
232320,4,1,2790,-1,998302:1028:3865:1104:0#998302:1028:3865:1104:3
232320,4,1,4568,-1,16010:351:1758:1104:0#16010:351:1758:1104:3#1050118:351:1758:1104:0#589585:351:1758:1104:3#479176:351:1758:1104:3#927588:35:1758:1104:3#589585:351:1758:1104:0#479176:351:1758:1104:0#927588:35:1758:1104:0
232320,4,1,1187,-1,42830:351:4889:1104:0#42830:351:4889:1104:3
232320,4,1,4864,-1,253635:1252:1187:1104:3#253635:1252:1187:1104:0
232320,4,1,2358,-1,973666:629:3132:1104:0#973666:629:3132:1104:3
232320,4,1,2310,-1,544388:4:3650:1104:3#544388:4:3650:1104:0#544388:4:3650:1104:0
232320,4,1,1995,-1,266877:713:8473:1104:0#266877:713:8473:1104:3
232320,4,1,1218,-1,721677:756:3943:1104:0
232320,4,1,4718,-1,776241:629:7124:1104:0
232320,4,1,1986,-1,434498:713:2158:1104:0#434498:713:2158:1104:0#434498:713:2158:1104:3
232320,4,1,4270,0,998314:420:2943:1111:2#1012084:35:2943:1111:2#346613:1174:2943:1104:0#488310:420:2943:1104:0#1069067:629:2943:1104:3#622652:1658:2943:1104:0#852877:351:2943:1104:0#346613:1174:2943:1104:3#1012084:35:2943:1104:3#852877:351:2943:1104:3#599460:420:2943:1104:0#1025919:420:2943:1104:3#1069067:629:2943:1104:0#643988:35:2943:1104:3#868655:420:2943:1104:0#1012084:35:2943:1104:0#1025919:420:2943:1104:0#776941:420:2943:1104:0#643988:35:2943:1104:0#599460:420:2943:1104:0#100160:993:2943:1104:0#776941:420:2943:1104:3
232320,4,1,3846,-1,728879:1279:1578:1111:0
232320,4,1,4172,-1,498823:1279:1578:1111:2#498823:1279:1578:1111:0#498823:1279:1578:1111:2#498823:1279:1578:1111:2
232320,4,1,1099,-1,690941:629:6107:1104:0
232320,4,1,2390,-1,968697:1401:1207:1104:0#968697:1401:1207:1104:3
232320,4,1,1625,-1,238257:1279:6375:1104:0
232320,4,1,1074,-1,985842:629:4326:1104:0#897169:629:4326:1104:3#576086:629:4326:1104:3#871520:629:4326:1104:0#576086:629:4326:1104:0#744190:629:4326:1104:0#671497:629:4326:1104:0#897169:629:4326:1104:0#985842:629:4326:1104:3#220966:629:4326:1104:3#220966:629:4326:1104:0#3124:629:4326:1104:3#871520:629:4326:1104:3#3124:629:4326:1104:0#744190:629:4326:1104:3#576086:629:4326:1104:0
232320,4,1,3647,-1,243632:1130:3019:1104:0#243632:1130:3019:1104:3
232320,4,1,3702,-1,48323:1252:7258:1104:0#48323:1252:7258:1104:3
167040,5,0,1749,-1,630512:649:7355:0531:0#630512:649:7355:0531:0
167040,5,0,1007,-1,669957:1095:5180:0915:0
167040,5,0,4243,-1,736165:1528:2706:0906:0#685356:1528:2706:0906:0#685356:1528:2706:0906:0#685356:1528:2706:0906:0
167040,5,0,939,-1,426736:730:7341:1015:0#800106:730:7341:1015:0#201066:646:7341:1015:0#358937:756:7341:1015:0
167040,5,0,4523,-1,939095:1401:3402:1028:0#675730:1401:3402:1028:0#254520:1401:3402:1028:0#254520:1401:3402:1028:0#166241:1401:3402:1028:0#982152:1401:3402:1028:0#254520:1401:3402:1028:0#600274:1401:3402:1028:0#530879:933:3402:1028:0#600274:1401:3402:1028:0#600274:1401:3402:1028:0#982152:1401:3402:1028:0#530879:933:3402:1028:0#254520:1401:3402:1028:0#675730:1401:3402:1028:2#530879:933:3402:1028:2#254520:1401:3402:1028:2#776793:933:3402:1028:0#166241:1401:3402:1028:0#600274:1401:3402:1028:0#825420:1401:3402:1028:0#530879:933:3402:1028:0#675730:1401:3402:1028:0#254520:1401:3402:1028:0
167040,5,0,1236,-1,819332:1658:1995:0916:0
167040,5,0,671,0,611912:646:404:1111:0#611912:646:404:1111:0#290779:695:404:1111:0#611912:646:404:1111:2
167040,5,0,1955,-1,13757:1553:6547:0915:0
167040,5,0,270,-1,841161:484:397:0531:0
167040,5,0,4633,-1,387757:933:6029:1028:0
167040,5,0,3760,-1,697227:1505:3738:0915:0#499976:1553:3738:0915:0
167040,5,0,444,-1,947980:805:2731:0712:0#651029:1357:2731:0712:0#123481:805:2731:0712:0#651029:1357:2731:0712:0#123481:805:2731:0712:0#776518:805:2731:0712:0#792307:805:2731:0712:0#969249:805:2731:0712:0#947980:805:2731:0712:0
167040,5,0,4252,-1,297769:1183:5920:0514:3
167040,5,0,3297,-1,331745:1553:1781:0915:0
167040,5,0,3274,-1,832525:1604:6326:1028:0
167040,5,0,3955,-1,631714:1271:1422:0810:0
167040,5,0,1127,-1,1045158:1095:6906:0922:0
167040,5,0,1113,-1,575461:1208:7944:0917:0
167040,5,0,3426,-1,132676:1529:404:1111:0
167040,5,0,4175,-1,814387:1553:3391:0915:0
167040,5,0,3552,-1,19991:683:2276:1023:0#477655:1401:2276:1023:0
167040,5,0,1228,-1,939670:1414:7586:1005:0
167040,5,0,192,-1,855143:683:5638:1023:0
167040,5,0,3319,-1,252970:703:8209:0716:0
101760,0,0,4383,-1,495300:11:6858:1003:0
101760,0,0,1789,-1,581322:184:7104:1003:0
101760,0,0,2482,-1,209821:614:7993:0820:3#209821:614:7993:0920:2#209821:614:7993:0920:0#149411:1172:7993:1030:2#149411:1172:7993:1025:3
101760,0,0,1364,-1,668220:267:6326:1014:2#668220:267:6326:1003:2#668220:267:6326:1003:2#668220:267:6326:1004:2#668220:267:6326:1004:2#668220:267:6326:1004:2#668220:267:6326:1004:2#668220:267:6326:1004:0#668220:267:6326:1004:0
101760,0,0,3828,-1,1091459:384:1446:1103:3
101760,0,0,3821,-1,552502:184:6607:0823:0
101760,0,0,3296,-1,497493:662:8297:1005:0
101760,0,0,461,-1,233418:662:1859:0902:0
101760,0,0,2750,-1,1007901:184:6041:0824:0#678805:184:6041:1003:0#374755:184:6041:1003:0#233825:184:6041:1003:0#69991:184:6041:1003:0#884026:184:6041:1003:0#404294:184:6041:1003:0#233825:184:6041:1003:0#404294:184:6041:1003:0#8127:184:6041:1003:0#64332:184:6041:0824:0#678805:184:6041:1003:0#306789:184:6041:0824:0#741043:184:6041:1003:0#404294:184:6041:1005:0#374755:184:6041:1005:0#374755:184:6041:1005:0#404294:184:6041:1005:0#404294:184:6041:1005:0#404294:184:6041:1005:3#884026:184:6041:1005:0#884026:184:6041:1005:0#233825:184:6041:1005:0#404294:184:6041:1005:0#404294:184:6041:1005:0#374755:184:6041:1004:0#233825:184:6041:1004:0#678805:184:6041:1004:0#69991:184:6041:1004:0#233825:184:6041:1004:0#884026:184:6041:1004:0#884026:184:6041:1004:0#825435:184:6041:1004:0#233825:184:6041:1004:0#678805:184:6041:1004:0#678805:184:6041:1004:0#374755:184:6041:1004:0#884026:184:6041:1004:0#884026:184:6041:1004:0#661926:184:6041:1004:0#374755:184:6041:1004:0
101760,0,0,433,-1,158763:267:6379:0905:3
101760,0,0,4521,-1,813098:1604:2951:0523:0
101760,0,0,673,-1,1055040:579:8158:0914:0#1055040:579:8158:0914:2
101760,0,0,4516,-1,558527:612:8052:1019:3
101760,0,0,3004,-1,703845:184:5327:1003:0#79837:184:5327:1005:0#703845:184:5327:1005:0
101760,0,0,456,-1,275095:1389:4237:1104:3#275095:1389:4237:1104:2
101760,0,0,4299,-1,294461:1505:1012:0525:0
101760,0,0,2773,-1,692582:662:4745:1005:0
101760,0,0,3291,-1,1059130:1389:3029:1101:3
101760,0,0,750,-1,830946:962:4044:0917:3
101760,0,0,3698,-1,133125:1577:2104:1106:3
101760,0,0,1144,-1,903340:737:6804:1004:2
101760,0,0,563,-1,869569:1577:6863:0917:0
101760,0,0,4602,-1,620141:184:459:1005:0#32849:184:459:1005:0#32849:184:459:1005:0
101760,0,0,997,-1,190138:1389:7176:0907:3
101760,0,0,1760,0,159342:602:1456:1111:2
101760,0,0,2950,-1,461657:1604:5426:0523:0
101760,0,0,3015,-1,766924:602:4882:0528:2#766924:602:4882:0528:2#766924:602:4882:0528:0#766924:602:4882:0528:0#766924:602:4882:0528:0
101760,0,0,3449,-1,349762:184:7394:1003:0#505054:184:7394:1003:0#56260:184:7394:1003:0#344807:184:7394:1003:0#998692:184:7394:1003:0#56260:184:7394:0825:0#750163:184:7394:0825:0#459890:184:7394:0825:0#331956:184:7394:0825:0#567133:184:7394:1005:0#505054:184:7394:1005:0
101760,0,0,3201,-1,1106521:184:7346:1004:0#911431:184:7346:1004:0
101760,0,0,4993,-1,208012:737:1865:0517:2
101760,0,0,3460,-1,15207:1389:3329:1104:2#15207:1389:3329:1101:2#15207:1389:3329:1101:3
101760,0,0,4545,-1,446430:662:6102:1009:3
101760,0,0,2032,-1,911900:184:4367:1003:0
101760,0,0,3677,-1,575684:821:5434:1105:0#629815:389:5434:1105:0#871242:154:5434:1105:0#838408:662:5434:1105:0#906398:1505:5434:1105:0#17762:662:5434:1105:0#212259:662:5434:1105:3#105576:662:5434:1105:0#686091:662:5434:1105:3#686091:662:5434:1105:0#17762:662:5434:1105:3#17762:662:5434:1105:0#105576:662:5434:1105:2#105576:662:5434:1105:0#951440:389:5434:1105:3#105576:662:5434:1105:0#145281:737:5434:1105:0#212259:662:5434:1105:0#732349:662:5434:1111:2#1015770:662:5434:1107:0#873623:389:5434:1107:3#916213:662:5434:1107:0#1090246:1397:5434:1107:0#732349:662:5434:1107:3#140832:154:5434:1107:3#104963:1553:5434:1107:3#916213:662:5434:1107:0#105576:662:5434:1104:3#686091:662:5434:1107:3#153143:662:5434:1107:0#760172:387:5434:1106:0#660107:662:5434:1106:3#1090246:1397:5434:1106:3#702339:662:5434:1106:0#702339:662:5434:1106:3#1090246:1397:5434:1106:0#916213:662:5434:1106:3#916213:662:5434:1106:0#967493:1397:5434:1106:3#660107:662:5434:1106:0#995075:821:5434:1106:0#608087:267:5434:1105:0
101760,0,0,2968,-1,958446:184:1457:1003:0#938707:184:1457:1005:0
101760,0,0,420,-1,523674:602:4953:1111:3#234870:1213:4953:1101:3#407527:602:4953:1101:3#841599:1213:4953:1101:3
101760,0,0,4781,-1,584579:1112:6621:0902:3
101760,0,0,2051,-1,536250:177:6467:1011:0
101760,0,0,1043,-1,863184:662:7164:0917:3#863184:662:7164:0917:0#186757:662:7164:0917:0#186757:662:7164:0917:3#863184:662:7164:0918:0#251847:662:7164:0918:0#507461:662:7164:0620:0#186757:662:7164:0918:0#599752:662:7164:0918:0#846450:662:7164:0918:0
101760,0,0,1596,-1,341262:11:1174:1009:0#14513:11:1174:1011:0
101760,0,0,3185,-1,319673:184:1521:1005:0#319673:184:1521:1004:0#319673:184:1521:1004:0#319673:184:1521:1004:0
101760,0,0,2024,-1,132245:11:3330:1009:0
298368,4,0,1083,-1,38828:612:414:1102:0
298368,4,0,4135,-1,984959:656:7721:1103:0
298368,4,0,4632,-1,322092:1112:3124:1104:0#322092:1112:3124:1104:0
298368,4,0,1783,-1,377068:962:5041:1111:2
298368,4,0,4086,-1,793103:1095:3226:1102:0
298368,4,0,4766,-1,150674:1208:4360:1002:2
298368,4,0,2981,0,873370:656:8345:1102:0#517671:656:8345:1102:0#873370:656:8345:1102:0#517671:656:8345:1108:0#517671:656:8345:1111:2
298368,4,0,944,-1,855638:1505:7370:1102:0
298368,4,0,4528,-1,788232:1553:7053:1102:0
298368,4,0,2750,-1,581685:184:6041:1102:0
298368,4,0,496,-1,238824:184:7168:1103:0
298368,4,0,2547,-1,656034:821:6769:1111:0#595781:821:6769:1111:2#755765:1438:6769:1111:0#755765:1438:6769:1111:2#359678:821:6769:1111:0#402494:821:6769:1111:0#595781:821:6769:1111:0#755765:1438:6769:1111:0
298368,4,0,3828,-1,45635:1553:1446:1102:0#449724:1553:1446:1102:0#1024030:389:1446:1016:0
298368,4,0,3760,-1,504057:389:3738:0828:0#270400:1142:3738:1102:0#452738:389:3738:1016:0
298368,4,0,3249,-1,359438:844:5619:1009:0
298368,4,0,3536,-1,349470:1142:3481:1102:0#238997:1142:3481:1102:0#282473:1142:3481:1102:0
298368,4,0,3795,-1,839303:1112:3777:1104:0
298368,4,0,4838,-1,608773:1505:8054:1102:0
298368,4,0,2031,-1,221663:883:2446:1104:0
298368,4,0,2066,-1,306936:1112:3183:1104:0
298368,4,0,4390,-1,783351:1112:5223:1104:0
298368,4,0,2367,-1,678347:656:972:1108:0#678347:656:972:1108:0#678347:656:972:1111:2#542553:656:972:1104:0#678347:656:972:1104:0#122251:656:972:1104:0#678347:656:972:1104:0#678347:656:972:1104:0#783657:656:972:1104:0#678347:656:972:1104:0
298368,4,0,4173,-1,470856:530:5376:1102:0
298368,4,0,41,-1,705103:1577:4992:0531:0
298368,4,0,2869,-1,1081295:639:6958:1010:0#1081295:639:6958:1010:2
298368,4,0,3128,-1,3837:1389:8391:0916:0
298368,4,0,2617,-1,900162:737:6483:1102:0
298368,4,0,1993,-1,773523:821:5161:0620:0
298368,4,0,173,-1,639048:656:4509:1104:0
298368,4,0,4002,-1,199009:1112:1501:1104:0
298368,4,0,2210,-1,290154:389:4838:0828:0
298368,4,0,3468,-1,473366:639:3779:1009:0
298368,4,0,1165,-1,675939:389:3446:1108:0#1032764:389:3446:1108:0#911675:1142:3446:1108:0
298368,4,0,4504,-1,239127:1142:6307:1108:0#310691:1142:6307:1108:0#542162:1142:6307:1108:0#136686:1142:6307:1108:0
298368,4,0,3489,-1,810435:184:6133:1104:0#510108:184:6133:1104:0
298368,4,0,437,-1,627744:656:7980:1103:0#474210:1467:7980:1103:0#892433:656:7980:1103:0
298368,4,0,1487,-1,250214:1142:6445:1102:0
298368,4,0,465,-1,606843:389:1797:1016:0
298368,4,0,4567,-1,143975:1271:1455:0620:0#143975:1271:1455:0620:0
298368,4,0,1501,-1,214366:389:2459:0828:0
298368,4,0,1298,-1,394191:1095:4230:1102:0
298368,4,0,4385,-1,253937:1505:2982:1102:0#741679:1505:2982:1102:0
298368,4,0,1844,-1,618920:656:8455:1102:3#841037:656:8455:1102:3#1015439:737:8455:1102:3#882994:737:8455:1102:3#895126:737:8455:1102:3#1062588:737:8455:1102:3#369503:737:8455:1102:3#201210:656:8455:1102:3#512466:737:8455:1102:3#900569:737:8455:1102:3
298368,4,0,66,-1,843827:883:2924:1104:0
298368,4,0,3139,-1,441588:559:549:1111:2#441588:559:549:1111:0
298368,4,0,1102,-1,489996:500:1214:1102:0#445121:500:1214:1102:0#497096:387:1214:1102:0#988791:1095:1214:1102:0#879631:1142:1214:1102:0#497096:387:1214:1104:0
298368,4,0,2418,-1,187026:120:6652:1111:2
298368,4,0,4980,-1,98625:1553:6818:1102:0
298368,4,0,3449,-1,187942:184:7394:1108:0#580859:184:7394:1108:0#190527:184:7394:1111:0#925514:184:7394:1111:0#715677:184:7394:1104:0#313738:184:7394:1104:0
298368,4,0,3185,-1,257993:184:1521:1103:0
298368,4,0,3955,-1,631714:1271:1422:0620:0
298368,4,0,3749,-1,908224:1329:1573:1102:0#650643:1329:1573:1102:0#141567:1329:1573:1102:0
298368,4,0,3761,-1,129360:951:2118:0527:0
298368,4,0,4881,-1,1068207:552:3549:0912:0
298368,4,0,534,-1,227443:184:6889:1102:0#250062:184:6889:1102:0
298368,4,0,1563,-1,945659:1505:4669:1103:0#63320:1505:4669:1102:0#244887:1505:4669:1102:0#945659:1505:4669:1102:0
298368,4,0,3677,-1,903312:1095:5434:1102:0
298368,4,0,2424,-1,656693:1112:2413:1104:0
298368,4,0,4475,-1,165123:1553:3174:1102:0
298368,4,0,1663,-1,1079147:389:4874:0828:0
298368,4,0,606,-1,288576:1142:376:1108:0
298368,4,0,4344,-1,907167:302:7769:1102:0
298368,4,0,4057,-1,545045:643:7843:1111:0#545045:643:7843:1111:0#700398:643:7843:1111:0#356018:643:7843:1111:0#356018:643:7843:1111:0
298368,4,0,2223,-1,733254:1208:3273:1010:0
298368,4,0,3213,-1,270278:389:2651:1016:0#415077:389:2651:1016:0#325632:389:2651:1016:0
298368,4,0,4522,-1,843380:1095:4977:1102:0
298368,4,0,1708,-1,49881:1112:2970:1104:0
298368,4,0,3773,-1,980005:656:3718:0930:0#920197:656:3718:0930:0
298368,4,0,4802,-1,214753:1553:988:1102:0#144081:1095:988:1102:0
298368,4,0,2506,-1,808026:229:7240:0710:0
298368,4,0,742,-1,679903:1142:1016:1108:0
298368,4,0,3878,-1,1029093:1142:5978:1108:0#558975:1142:5978:1108:0#558975:1142:5978:1108:0
298368,4,0,2856,-1,332376:737:1228:1102:0
298368,4,0,63,-1,73456:389:2509:0928:0
298368,4,0,3906,-1,315990:1577:6268:0531:0
298368,4,0,2387,-1,801820:1095:6040:1102:0
298368,4,0,2149,-1,1012885:1142:3826:1108:0
298368,4,0,1393,-1,214590:748:4705:1102:0
298368,4,0,2903,-1,1024996:1142:4887:1108:0
36480,6,1,3213,-1,496261:389:2651:1101:0
36480,6,1,231,-1,678722:4:6065:1103:0#1111270:69:6065:1103:0
36480,6,1,3836,-1,298366:117:6170:1111:0#298366:117:6170:1111:2#298366:117:6170:1111:0#298366:117:6170:1111:0#298366:117:6170:1111:0
36480,6,1,4730,0,1074504:117:6170:1111:2#1074504:117:6170:1111:0#1074504:117:6170:1111:0
36480,6,1,3932,-1,931112:1553:2793:1111:0
36480,6,1,1760,-1,801802:602:2197:0914:2#801802:602:2197:0914:0#1040135:1213:2197:0914:0#713353:602:2197:1111:0#1099843:602:2197:1111:0#147751:602:2197:1111:0#362723:602:2197:1111:0#951557:602:2197:1111:0#647562:602:2197:1111:0#293882:602:2197:1111:0#923526:602:2197:1111:2#923526:602:2197:1111:0#1030870:602:2197:1111:0#923526:602:2197:1111:0#923526:602:2197:1111:0#1030870:602:2197:1111:0#951557:602:2197:1111:0#369897:602:2197:1111:0#923526:602:2197:1111:0#362723:602:2197:1111:0#929429:602:2197:1111:0#689936:602:2197:1111:0#528905:602:2197:1111:0#923526:602:2197:1111:0#923526:602:2197:1111:0#681926:602:2197:1111:0#389374:602:2197:1008:0
36480,6,1,2278,-1,659231:962:6257:0620:0#659231:962:6257:0620:2#208565:1147:6257:0604:0#243343:1147:6257:0604:2#243343:1147:6257:0604:0#208565:1147:6257:0604:0#732875:614:6257:0604:0#208565:1147:6257:0604:0#450478:614:6257:0604:0
36480,6,1,3368,-1,912037:1603:5603:1007:0#370979:1603:5603:1007:0
36480,6,1,1961,-1,80276:1147:2394:0604:0
36480,6,1,4509,-1,1021556:1142:4365:1030:0#153451:1142:4365:1030:0#335026:389:4365:1030:0#722242:389:4365:1030:0
36480,6,1,3006,-1,495313:1603:1954:1007:0
36480,6,1,2385,-1,162276:614:5795:1111:0#1059899:614:5795:1111:0
299136,0,0,2935,0,526229:1188:6750:1111:0#526229:1188:6750:1111:2#526229:1188:6750:1109:3#526229:1188:6750:1109:0#526229:1188:6750:1109:0
299136,0,0,4062,-1,170255:612:3046:1029:0
299136,0,0,1052,-1,837959:737:4781:1007:0#777950:737:4781:1007:0
299136,0,0,4545,-1,336821:662:6102:1010:0
299136,0,0,770,-1,757277:612:3354:1029:0#757277:612:3354:1029:0#757277:612:3354:1029:3
299136,0,0,3339,-1,349852:352:7984:1006:0#373566:352:7526:1006:0
299136,0,0,4879,-1,66979:662:6612:1010:0
299136,0,0,4683,-1,665722:1095:7123:0908:0#665722:1095:7123:0908:3
299136,0,0,875,-1,253408:737:773:0523:0#253408:737:773:0523:3
299136,0,0,732,-1,178608:656:3041:1007:0#178608:656:3041:1007:0
299136,0,0,2958,-1,719673:662:6444:0605:0
299136,0,0,4044,-1,667301:154:82:0908:0
299136,0,0,2091,-1,220998:834:6740:0827:0
299136,0,0,3442,-1,994350:737:19:0921:3#994350:737:19:0921:0#173689:737:19:1007:0#173689:737:19:1007:0#173689:737:19:1007:2#173689:737:19:1007:0#744219:737:19:1007:0#744219:737:19:1007:3#173689:737:19:1007:0#173689:737:19:1007:0#173689:737:19:1007:3#173689:737:19:1007:0
299136,0,0,2168,-1,701811:389:5527:1108:0#869838:662:5527:1010:0#368831:389:5527:1108:0
299136,0,0,2333,-1,897003:662:3950:1010:0
299136,0,0,3887,-1,774465:1142:48:1109:0#774465:1142:48:1109:0
299136,0,0,906,-1,195651:662:6053:0908:0#195651:662:6053:0908:3#195651:662:6053:0908:0#195651:662:6053:0908:0#195651:662:6053:0909:0#1072810:662:6053:0909:0#199534:662:6053:0909:0
299136,0,0,3349,-1,724290:662:3358:1010:0#1051701:662:3358:1010:3#1051701:662:3358:1010:0#1051701:662:3358:1010:0
299136,0,0,3139,-1,166235:601:549:1111:0#166235:601:549:1108:3
299136,0,0,4959,-1,997127:737:5849:1006:0#997127:737:5849:1006:3#997127:737:5849:1006:0
299136,0,0,1240,-1,184736:154:1260:0908:0#184736:154:1260:0908:0#184736:154:1260:0908:3#184736:154:1260:0908:0
299136,0,0,3970,-1,477957:662:125:1012:0
299136,0,0,2099,-1,964601:555:5558:1111:0#719581:962:5558:0911:2#719581:962:5558:0911:0#719581:962:5558:0911:0#719581:962:5558:0911:0#719581:962:5558:0911:3#964601:555:5558:1111:2#964601:555:5558:1022:0#964601:555:5558:1022:3#964601:555:5558:1022:0#964601:555:5558:1022:0#964601:555:5558:1022:0#964601:555:5558:1108:0
299136,0,0,4941,-1,655313:656:6233:1007:0
299136,0,0,461,-1,483447:662:1859:1012:0#455936:662:1859:1012:0#455936:662:1859:1012:0#455936:662:1859:1012:3#455936:662:1859:1012:0#455936:662:1859:1012:0#483447:662:1859:1012:3#483447:662:1859:1010:0#233418:662:1859:0909:0
299136,0,0,1742,-1,962700:464:7885:1111:0#962700:464:7885:1111:3
299136,0,0,331,-1,726421:1142:4094:1030:0
37248,3,1,974,-1,776582:1095:3738:0703:0#26435:1553:3738:1104:0
37248,3,1,3760,-1,927271:1505:3738:0724:0#888387:1604:3738:0724:0#54546:1604:3738:0724:0#268268:1577:3738:0724:0#351273:992:3738:1111:2#290893:1142:3738:1111:0#351273:992:3738:1111:0#351273:992:3738:1111:0#351273:992:3738:1111:0#902380:662:3738:0724:0#1098279:1397:3738:0724:0#591332:1389:3738:0724:0#785851:1389:3738:0724:0#632107:662:3738:0724:0#461480:662:3738:0724:0#68555:662:3738:0724:0#299456:992:3738:0724:0#1026886:662:3738:0724:0#526812:662:3738:0724:0#519110:1397:3738:0724:0#574295:1397:3738:0724:0#388059:662:3738:0724:0#1047429:662:3738:0724:0
37248,3,1,3511,-1,1061510:1553:4254:1111:0
37248,3,1,1796,-1,192164:300:1246:1104:0
37248,3,1,643,-1,217375:1397:968:0703:0#875368:1591:968:0703:0#947637:1397:968:0703:0#60531:1604:968:0703:0#845048:1397:968:0703:0#1107187:1095:968:0703:0#393446:821:968:0703:0#947637:1397:968:0703:0#366498:662:968:0724:0#81392:1397:968:0703:0#366498:662:968:0703:0#1068472:1397:968:0703:0#898048:1397:968:0703:0
37248,3,1,2465,-1,1038867:1438:4505:1111:0
37248,3,1,2603,-1,583898:992:7030:1104:0#952150:992:7030:1104:0
37248,3,1,951,-1,796590:992:4636:1104:0
37248,3,1,1245,-1,89231:656:321:1101:0#318057:656:321:1101:0
37248,3,1,2568,-1,711073:656:2921:1101:0
37248,3,1,3623,-1,89885:992:2206:1022:0
37248,3,1,2615,0,359800:766:3172:1101:0#359800:766:3172:1111:2#359800:766:3172:1103:0
37248,3,1,606,-1,260090:1095:376:1103:0#653397:387:376:1103:0#50253:1553:376:1103:0#673593:662:376:1103:0#579602:662:376:1103:0#766105:389:376:1103:0#1091892:389:376:1103:0
37248,3,1,172,-1,985506:154:7783:1101:0#937997:389:7783:1104:0
37248,3,1,848,-1,801687:1429:1221:1104:0
37248,3,1,4173,-1,487236:389:5376:1103:0
37248,3,1,4320,-1,569853:997:2830:1027:0
37248,3,1,3659,-1,438726:1591:3103:0703:0
37248,3,1,3661,-1,262291:962:1508:0703:0
37248,3,1,3248,-1,33537:612:4700:1104:0#382312:389:4700:1104:0
37248,3,1,863,-1,174030:656:3091:1002:0#371131:656:6750:1002:0
37248,3,1,1885,-1,160695:1095:6560:0724:0#940925:1095:6560:0724:0
37248,3,1,3670,-1,1066877:596:1232:1028:0#1066877:596:1232:1024:0#1066877:596:1232:1024:2
37248,3,1,331,-1,591770:1238:4094:0724:0
37248,3,1,478,-1,479676:992:4668:1111:0
37248,3,1,4044,-1,617878:389:82:1103:0
37248,3,1,1503,-1,225941:1349:3650:0531:0
37248,3,1,1580,-1,87201:997:8112:1027:0
37248,3,1,598,-1,123659:1188:8351:0617:0
37248,3,1,1340,-1,75452:662:1981:0724:0#206434:662:1981:0724:0#1004756:662:1981:0724:0#2442:1095:1981:0724:0#206434:662:1981:0724:0#41999:1397:1981:0724:0#1004756:662:1981:0724:0#75452:662:1981:0724:0#1004756:662:1981:0724:0#1004756:662:1981:0724:0#1004756:662:1981:0724:0#206434:662:1981:0724:0#490948:662:1981:0724:0
37248,3,1,2047,-1,907538:1577:1901:0822:0#1096129:1505:1901:0822:0
37248,3,1,444,-1,651029:1357:2731:0709:0
37248,3,1,416,-1,377050:1238:4014:0709:0#274748:1604:4014:0709:0
37248,3,1,3927,-1,636279:992:1710:1104:0
37248,3,1,3689,-1,700135:997:527:1101:0#672888:997:527:1027:0#689484:997:527:1027:0#446610:992:527:1027:0#700135:997:527:1027:0#446610:992:527:1027:0
37248,3,1,1645,-1,978802:1450:3376:1104:0
37248,3,1,3578,-1,363972:656:3091:1111:0#477777:656:3091:1111:0
103296,6,0,2371,-1,61518:1118:6065:0921:0#61518:1118:6065:0921:0
103296,6,0,4847,-1,54018:662:4276:1103:3#54018:662:4276:1103:0
103296,6,0,3409,-1,729209:1467:5163:1020:0
103296,6,0,2765,-1,784043:247:7218:1111:0#756461:120:7218:1111:0#1026074:962:7218:1111:0
103296,6,0,2968,-1,70126:184:1457:0814:0
103296,6,0,4235,-1,33167:184:5780:1103:0#361471:184:5780:1103:0
103296,6,0,166,-1,330320:184:849:0530:0
103296,6,0,1163,-1,200572:664:7629:1023:0
103296,6,0,729,-1,461716:229:5313:1022:0#461716:229:5313:1022:2#388769:1034:5313:1022:2#388769:1034:5313:1018:3#461716:229:5313:1024:0#388769:1034:5313:1024:0
103296,6,0,4602,-1,724318:184:459:0921:0#795564:184:459:0616:0
103296,6,0,1060,-1,857258:555:6187:1023:0
103296,6,0,4945,-1,105649:177:7069:1002:0
103296,6,0,2542,-1,1030174:1397:1685:1103:0
103296,6,0,2031,-1,783252:1469:2738:0921:0#717309:883:2446:0921:0#717309:883:2446:0922:0#717309:883:2446:0922:2#151150:883:2446:0922:0#717309:883:2446:0922:0#717309:883:2446:0924:0
103296,6,0,1489,-1,449003:883:666:0922:0#449003:883:666:0922:0#449003:883:666:0922:0
103296,6,0,4919,-1,428339:614:5795:1111:0
103296,6,0,1469,-1,1004098:883:2446:0922:0
103296,6,0,1180,-1,328546:177:7069:1002:3
103296,6,0,1066,-1,266912:639:5252:0520:0
103296,6,0,2032,-1,276764:184:4367:0530:0
103296,6,0,968,-1,210410:1505:5600:1030:0
103296,6,0,3625,-1,789501:320:1623:1022:0
103296,6,0,34,-1,871878:555:813:1018:0
103296,6,0,3821,-1,1069822:500:6607:1018:0#1069822:500:6607:1018:0
103296,6,0,1173,-1,1093107:962:4231:1111:0
103296,6,0,1474,-1,427828:614:7052:0714:2#854562:614:7052:0714:0#222558:119:7052:0714:2#733851:120:7052:0714:0#733851:120:7052:0714:2#450841:1606:7052:0714:0#450841:1606:7052:0714:0#427828:614:7052:0714:0#854562:614:7052:0714:0#222558:119:7052:0714:0#854562:614:7052:0714:0#854562:614:7052:0714:2#222558:119:7052:0716:0#427828:614:7052:0910:2#450841:1606:7052:0814:0#427828:614:7052:0911:0
103296,6,0,2482,0,149411:1172:7993:1029:3#909445:1580:7993:1111:0#1087008:247:7993:1111:0#439125:664:7993:1111:0#209821:614:7993:1111:2#909445:1580:7993:1111:2#678318:1147:7993:1111:0#909445:1580:7993:1111:0#209821:614:7993:1111:0#909445:1580:7993:1111:0#209821:614:7993:1111:0#909445:1580:7993:1111:0
103296,6,0,1480,-1,559040:177:7069:1002:0#559040:177:7069:1002:3#2516:177:7069:1002:3#822441:177:7069:0827:3
299904,6,1,3941,-1,918381:1047:4777:0729:0
299904,6,1,2560,-1,673647:946:2116:1111:0
299904,6,1,523,-1,363879:464:3312:0618:0
299904,6,1,184,-1,783997:1349:1360:1029:0#783997:1349:1360:1016:0#94609:1349:1360:1016:0
299904,6,1,2235,-1,798375:821:744:0820:0
299904,6,1,2011,-1,50653:692:1287:0728:0
299904,6,1,2781,-1,140069:1467:3305:1003:0
299904,6,1,4580,-1,874373:699:6916:0911:0
299904,6,1,4615,-1,261763:713:1973:0819:0
299904,6,1,2987,-1,256423:464:1779:0903:0
299904,6,1,4317,-1,123850:1047:6695:0729:0
299904,6,1,3834,-1,46059:1349:1360:0620:0#9296:1190:1360:0627:0#46059:1349:1360:0627:0
299904,6,1,4032,-1,848415:1467:5651:0618:0
299904,6,1,2009,-1,648981:1623:1219:0715:0
299904,6,1,3395,-1,194506:407:3803:1017:0#194506:407:3803:1111:0
299904,6,1,774,-1,169144:1349:7279:1008:0#1038972:1118:7279:1008:0
299904,6,1,1544,-1,822579:1326:654:1009:0#986978:1326:654:1009:0
299904,6,1,3637,-1,742632:464:5530:0906:0
299904,6,1,1348,-1,197966:481:620:0612:0#197966:481:620:0612:0
299904,6,1,4218,-1,175565:1467:3700:1003:0
299904,6,1,2318,-1,143701:106:7319:0618:2#143701:106:7319:0618:0#143701:106:7319:0619:0#143701:106:7319:0619:0#143701:106:7319:0619:0
299904,6,1,1140,-1,826253:1326:2890:0927:0#648693:1326:2890:0927:0#524807:1326:2890:0927:0#924675:737:2890:0927:0
299904,6,1,2064,-1,570309:776:3888:1017:0
299904,6,1,3289,-1,290557:1271:5882:0730:0
299904,6,1,1742,0,607589:464:7885:1111:2#436252:464:7885:1111:2
299904,6,1,2743,-1,1063422:1118:4475:1017:0#1063422:1118:4475:1008:0#161703:1118:4475:1008:0
299904,6,1,167,-1,16309:1047:5900:0715:0
299904,6,1,710,-1,375571:1467:2016:0917:0#375571:1467:2016:0917:0
299904,6,1,941,-1,323485:1349:1360:0627:0
299904,6,1,2468,-1,786562:276:1392:1111:0#786562:276:1392:1111:0
299904,6,1,4424,-1,1044167:692:1287:0728:0
38016,3,0,919,-1,1050851:389:8000:0804:0
38016,3,0,118,-1,429344:178:6020:1019:0
38016,3,0,4899,-1,1004885:656:5867:1101:0#13386:1130:5867:1101:0#355916:300:5867:1101:0
38016,3,0,4612,-1,824603:178:7593:1027:0
38016,3,0,1028,0,703153:756:4267:1111:2#703153:756:4267:1111:0
38016,3,0,2036,-1,74421:178:3033:1018:0#74421:178:3033:1018:0#74421:178:3033:1018:2
38016,3,0,1700,-1,136926:639:7447:1021:2
38016,3,0,4470,-1,631078:756:5866:1107:0
38016,3,0,2475,-1,719785:849:6719:0725:0
38016,3,0,877,-1,63843:302:2254:0915:2